INSERT INTO movie (title, description, duration_minutes, release_year) VALUES
                                                                           ('Аватар: Путь воды', 'Фантастический боевик режиссера Джеймса Кэмерона', 192, 2022),
                                                                           ('Оппенгеймер', 'Биографическая драма о создателе атомной бомбы', 180, 2023),
                                                                           ('Барби', 'Комедия о знаменитой кукле', 114, 2023),
                                                                           ('Дюна: Часть вторая', 'Эпическая фантастика', 166, 2024),
                                                                           ('Мастер и Маргарита', 'Экранизация романа Булгакова', 157, 2024);

INSERT INTO actor (full_name, country) VALUES
                                           ('Леонардо ДиКаприо', 'США'),
                                           ('Киллиан Мерфи', 'Ирландия'),
                                           ('Марго Робби', 'Австралия'),
                                           ('Райан Гослинг', 'Канада'),
                                           ('Тимоти Шаламе', 'США'),
                                           ('Зендея', 'США'),
                                           ('Евгений Цыганов', 'Россия'),
                                           ('Юлия Снигирь', 'Россия'),
                                           ('Сэм Уортингтон', 'Австралия'),
                                           ('Зои Салдана', 'США'),
                                           ('Сигурни Уивер', 'США'),
                                           ('Кейт Уинслет', 'Великобритания');

INSERT INTO movie_actor (movie_id, actor_id, character_name) VALUES
                                                                 (1, 9, 'Джейк Салли'),
                                                                 (1, 10, 'Нейтири'),
                                                                 (1, 11, 'Грейс Огустин'),
                                                                 (1, 12, 'Ронал'),
                                                                 (2, 2, 'Роберт Оппенгеймер'),
                                                                 (2, 1, 'Льюис Штраусс'),
                                                                 (3, 3, 'Барби'),
                                                                 (3, 4, 'Кен'),
                                                                 (4, 5, 'Пол Атрейдес'),
                                                                 (4, 6, 'Чани'),
                                                                 (5, 7, 'Воланд'),
                                                                 (5, 8, 'Маргарита');

INSERT INTO hall (hall_number, hall_type) VALUES
                                              (1, 1),
                                              (2, 1),
                                              (3, 2),
                                              (4, 3);

INSERT INTO "session" (movie_id, hall_id, session_date, start_time, price) VALUES
                                                                               (1, 4, '2026-03-16', '10:30:00', 550.00),
                                                                               (1, 4, '2026-03-16', '13:45:00', 550.00),
                                                                               (1, 4, '2026-03-16', '17:00:00', 650.00),
                                                                               (1, 4, '2026-03-16', '20:15:00', 750.00),
                                                                               (2, 1, '2026-03-16', '11:00:00', 400.00),
                                                                               (2, 1, '2026-03-16', '14:30:00', 450.00),
                                                                               (2, 1, '2026-03-16', '18:00:00', 500.00),
                                                                               (2, 1, '2026-03-16', '21:30:00', 550.00),
                                                                               (3, 2, '2026-03-16', '12:15:00', 350.00),
                                                                               (3, 2, '2026-03-16', '15:45:00', 350.00),
                                                                               (3, 2, '2026-03-16', '19:00:00', 400.00),
                                                                               (3, 2, '2026-03-16', '22:00:00', 400.00),
                                                                               (4, 3, '2026-03-16', '13:00:00', 800.00),
                                                                               (4, 3, '2026-03-16', '16:30:00', 850.00),
                                                                               (4, 3, '2026-03-16', '20:00:00', 900.00),
                                                                               (5, 1, '2026-03-16', '12:00:00', 450.00),
                                                                               (5, 1, '2026-03-16', '15:30:00', 500.00),
                                                                               (5, 1, '2026-03-16', '19:15:00', 550.00),
                                                                               (5, 1, '2026-03-16', '22:30:00', 550.00),
                                                                               (1, 4, '2026-03-17', '10:30:00', 550.00),
                                                                               (1, 4, '2026-03-17', '13:45:00', 550.00),
                                                                               (1, 4, '2026-03-17', '17:00:00', 650.00),
                                                                               (1, 4, '2026-03-17', '20:15:00', 750.00),
                                                                               (2, 1, '2026-03-17', '11:00:00', 400.00),
                                                                               (2, 1, '2026-03-17', '14:30:00', 450.00),
                                                                               (2, 1, '2026-03-17', '18:00:00', 500.00),
                                                                               (2, 1, '2026-03-17', '21:30:00', 550.00),
                                                                               (3, 2, '2026-03-17', '12:15:00', 350.00),
                                                                               (3, 2, '2026-03-17', '15:45:00', 350.00),
                                                                               (3, 2, '2026-03-17', '19:00:00', 400.00),
                                                                               (3, 2, '2026-03-17', '22:00:00', 400.00),
                                                                               (4, 3, '2026-03-17', '13:00:00', 800.00),
                                                                               (4, 3, '2026-03-17', '16:30:00', 850.00),
                                                                               (4, 3, '2026-03-17', '20:00:00', 900.00),
                                                                               (5, 1, '2026-03-17', '12:00:00', 450.00),
                                                                               (5, 1, '2026-03-17', '15:30:00', 500.00),
                                                                               (5, 1, '2026-03-17', '19:15:00', 550.00),
                                                                               (5, 1, '2026-03-17', '22:30:00', 550.00),
                                                                               (1, 4, '2026-03-18', '10:30:00', 550.00),
                                                                               (1, 4, '2026-03-18', '13:45:00', 550.00),
                                                                               (1, 4, '2026-03-18', '17:00:00', 650.00),
                                                                               (1, 4, '2026-03-18', '20:15:00', 750.00),
                                                                               (2, 1, '2026-03-18', '11:00:00', 400.00),
                                                                               (2, 1, '2026-03-18', '14:30:00', 450.00),
                                                                               (2, 1, '2026-03-18', '18:00:00', 500.00),
                                                                               (2, 1, '2026-03-18', '21:30:00', 550.00),
                                                                               (3, 2, '2026-03-18', '12:15:00', 350.00),
                                                                               (3, 2, '2026-03-18', '15:45:00', 350.00),
                                                                               (3, 2, '2026-03-18', '19:00:00', 400.00),
                                                                               (3, 2, '2026-03-18', '22:00:00', 400.00),
                                                                               (4, 3, '2026-03-18', '13:00:00', 800.00),
                                                                               (4, 3, '2026-03-18', '16:30:00', 850.00),
                                                                               (4, 3, '2026-03-18', '20:00:00', 900.00),
                                                                               (5, 1, '2026-03-18', '12:00:00', 450.00),
                                                                               (5, 1, '2026-03-18', '15:30:00', 500.00),
                                                                               (5, 1, '2026-03-18', '19:15:00', 550.00),
                                                                               (5, 1, '2026-03-18', '22:30:00', 550.00),
                                                                               (1, 4, '2026-03-19', '10:30:00', 550.00),
                                                                               (1, 4, '2026-03-19', '13:45:00', 550.00),
                                                                               (1, 4, '2026-03-19', '17:00:00', 650.00),
                                                                               (1, 4, '2026-03-19', '20:15:00', 750.00),
                                                                               (2, 1, '2026-03-19', '11:00:00', 400.00),
                                                                               (2, 1, '2026-03-19', '14:30:00', 450.00),
                                                                               (2, 1, '2026-03-19', '18:00:00', 500.00),
                                                                               (2, 1, '2026-03-19', '21:30:00', 550.00),
                                                                               (3, 2, '2026-03-19', '12:15:00', 350.00),
                                                                               (3, 2, '2026-03-19', '15:45:00', 350.00),
                                                                               (3, 2, '2026-03-19', '19:00:00', 400.00),
                                                                               (3, 2, '2026-03-19', '22:00:00', 400.00),
                                                                               (4, 3, '2026-03-19', '13:00:00', 800.00),
                                                                               (4, 3, '2026-03-19', '16:30:00', 850.00),
                                                                               (4, 3, '2026-03-19', '20:00:00', 900.00),
                                                                               (5, 1, '2026-03-19', '12:00:00', 450.00),
                                                                               (5, 1, '2026-03-19', '15:30:00', 500.00),
                                                                               (5, 1, '2026-03-19', '19:15:00', 550.00),
                                                                               (5, 1, '2026-03-19', '22:30:00', 550.00),
                                                                               (1, 4, '2026-03-20', '10:30:00', 550.00),
                                                                               (1, 4, '2026-03-20', '13:45:00', 550.00),
                                                                               (1, 4, '2026-03-20', '17:00:00', 650.00),
                                                                               (1, 4, '2026-03-20', '20:15:00', 750.00),
                                                                               (2, 1, '2026-03-20', '11:00:00', 400.00),
                                                                               (2, 1, '2026-03-20', '14:30:00', 450.00),
                                                                               (2, 1, '2026-03-20', '18:00:00', 500.00),
                                                                               (2, 1, '2026-03-20', '21:30:00', 550.00),
                                                                               (3, 2, '2026-03-20', '12:15:00', 350.00),
                                                                               (3, 2, '2026-03-20', '15:45:00', 350.00),
                                                                               (3, 2, '2026-03-20', '19:00:00', 400.00),
                                                                               (3, 2, '2026-03-20', '22:00:00', 400.00),
                                                                               (4, 3, '2026-03-20', '13:00:00', 800.00),
                                                                               (4, 3, '2026-03-20', '16:30:00', 850.00),
                                                                               (4, 3, '2026-03-20', '20:00:00', 900.00),
                                                                               (5, 1, '2026-03-20', '12:00:00', 450.00),
                                                                               (5, 1, '2026-03-20', '15:30:00', 500.00),
                                                                               (5, 1, '2026-03-20', '19:15:00', 550.00),
                                                                               (5, 1, '2026-03-20', '22:30:00', 550.00);

INSERT INTO "user" (email, full_name, passport, phone) VALUES
                                                           ('ivan.petrov@mail.ru', 'Иван Петров', '123456789', '+79001234567'),
                                                           ('maria.ivanova@mail.ru', 'Мария Иванова', '234567890', '+79007654321'),
                                                           ('alexey.sidorov@mail.ru', 'Алексей Сидоров', '345678901', '+79005556677'),
                                                           ('elena.smirnova@mail.ru', 'Елена Смирнова', '456789012', '+79003332211');

INSERT INTO ticket (session_id, user_id, seat_number) VALUES
                                                          (1, 1, 15),
                                                          (1, 1, 16),
                                                          (1, 2, 17),
                                                          (4, 3, 45),
                                                          (4, 3, 46),
                                                          (9, 2, 12),
                                                          (13, 4, 5),
                                                          (13, 4, 6),
                                                          (13, 4, 7);